location_id,address_1,address_2,city,state,zip,county,location_source_value,country_concept_id,country_source_value,latitude,longitude
1,1250 W 16th St,,Jacksonville,FL,32209,Duval,,,UNITED STATES OF AMERICA,,
2,2001 SW 16th St,,Gainesville,FL,32608,Alachua,,,UNITED STATES OF AMERICA,,
3,7000 University Blvd,,Winter Park,FL,32792,Orange,,,UNITED STATES OF AMERICA,,
4,1202 Prairie Ln,,Titusville,FL,32780,Brevard,,,UNITED STATES OF AMERICA,,
5,8441 Helen Terrace,,Jacksonville,FL,32210,Duval,,,UNITED STATES OF AMERICA,,
6,4860 Sand Stone Ln,,West Palm Beach,FL,33417,Palm Beach,,,UNITED STATES OF AMERICA,,
7,2515 First St,,Fort Myers,FL,33901,Lee,,,UNITED STATES OF AMERICA,,
8,2060 Continental Ave,,Tallahassee,FL,32304,Leon,,,UNITED STATES OF AMERICA,,
9,1155 SE 7th Ave,,Dania Beach,FL,33004,Broward,,,UNITED STATES OF AMERICA,,
10,4400 SW 20th Ave,,Gainesville,FL,32607,Alachua,,,UNITED STATES OF AMERICA,,
11,1850 SE 18th Ave,,Ocala,FL,34471,Marion,,,UNITED STATES OF AMERICA,,
12,2165 Van Buren St,,Hollywood,FL,33020,Broward,,,UNITED STATES OF AMERICA,,
13,434 W Jefferson St,,Tallahassee,FL,32301,Leon,,,UNITED STATES OF AMERICA,,
14,831 Oakley Seaver Dr,,Clermont,FL,34711,Lake,,,UNITED STATES OF AMERICA,,
15,1000 Peachtree Park Dr NE,,Atlanta,GA,30309,Fulton,,,UNITED STATES OF AMERICA,,
16,240 NW 25th St,,Miami,FL,33127,Miami-Dade,,,UNITED STATES OF AMERICA,,
17,1510 6th Ave,,Columbus,GA,31901,Muscogee,,,UNITED STATES OF AMERICA,,
18,711 Beach Blvd,,Jacksonville Beach,FL,32250,Duval,,,UNITED STATES OF AMERICA,,
19,109 W Fortune St,,Tampa,FL,33602,Hillsborough,,,UNITED STATES OF AMERICA,,
20,541 2nd Ave S,,Naples,FL,34102,Collier,,,UNITED STATES OF AMERICA,,
21,1400 Briarcliff Rd NE,,Atlanta,GA,30306,DeKalb,,,UNITED STATES OF AMERICA,,
22,1756 N Bayshore Dr,,Miami,FL,33132,Miami-Dade,,,UNITED STATES OF AMERICA,,
23,949 Cleveland St,,Clearwater,FL,33756,Pinellas,,,UNITED STATES OF AMERICA,,
24,4400 Cortina Cir,,Fort Myers,FL,33916,Lee,,,UNITED STATES OF AMERICA,,
25,953 Collins Ave,,Miami Beach,FL,33139,Miami-Dade,,,UNITED STATES OF AMERICA,,
26,4020 Montgomery St,,Savannah,GA,31405,Chatham,,,UNITED STATES OF AMERICA,,
27,1242 N Laura St,,Jacksonville,FL,32206,Duval,,,UNITED STATES OF AMERICA,,
28,8110 Misty Wood Ave,,Lakewood Ranch,FL,34202,Manatee,,,UNITED STATES OF AMERICA,,
29,6318 14th St E,,Bradenton,FL,34203,Manatee,,,UNITED STATES OF AMERICA,,
30,5120 SW 13th Pl,,Gainesville,FL,32607,Alachua,,,UNITED STATES OF AMERICA,,
31,,,,FL,33414,Palm Beach,,,UNITED STATES OF AMERICA,,
32,3415 sw 39th blvd,,,FL,32608,Alachua,,,UNITED STATES OF AMERICA,,
33,1600 SW Archer Rd,,Gainesville,FL,32610,Alachua,,,UNITED STATES OF AMERICA,29.6392,-82.3441
34,1329 SW 16th St,,Gainesville,FL,32608,Alachua,,,UNITED STATES OF AMERICA,0,0
35,3900 S Congress Ave,,West Palm Beach,FL,33461,Palm Beach,,,UNITED STATES OF AMERICA,-82.3441,29.6392
36,1 Beach Dr SE,,St Petersburg,FL,33701,Pinellas,,,UNITED STATES OF AMERICA,95.1234,-82.6403
37,600 S Calhoun St,,Tallahassee,FL,32399,Leon,,,UNITED STATES OF AMERICA,N/A,unknown
38,2 S Biscayne Blvd,,Miami,FL,33131,Miami-Dade,,,UNITED STATES OF AMERICA,25.7617,
39,1250 West 16th Streett,,Jacksonville,FL,32209,Duval,,,UNITED STATES OF AMERICA,,
40,1155 Southeast 7th Avnue,,Dania Beach,FL,33004,Broward,,,UNITED STATES OF AMERICA,,
41,8441 HELEN TERRACE,,JACKSONVILLE,FL,32210,Duval,,,UNITED STATES OF AMERICA,,
42,4400 SW 20th Ave,Apartment 4B,Gainesville,FL,32607,Alachua,,,UNITED STATES OF AMERICA,,
43,2060 Continental Ave,Sutie 200,Tallahassee,FL,32304,Leon,,,UNITED STATES OF AMERICA,,
44,1250–1260 W 16th St,,Jacksonville,FL,32209,Duval,,,UNITED STATES OF AMERICA,,
45,1200 O'Brien Rd,,Ocala,FL,34471,Marion,,,UNITED STATES OF AMERICA,,
46,3000 St. Augustine Rd,,Jacksonville,FL,32207,Duval,,,UNITED STATES OF AMERICA,,
47,1234 Ponce de León Blvd,,Coral Gables,FL,33134,Miami-Dade,,,UNITED STATES OF AMERICA,,
48,PO Box 1234,,Gainesville,FL,32602,Alachua,,,UNITED STATES OF AMERICA,,
49,Main St & 1st Ave,,Jacksonville,FL,32202,Duval,,,UNITED STATES OF AMERICA,,
50,12345 State Highway 26,,Newberry,FL,32669,Alachua,,,UNITED STATES OF AMERICA,,
51,RR 2 Box 15,,Live Oak,FL,32060,Suwannee,,,UNITED STATES OF AMERICA,,
52,Millhopper Rd,,Gainesville,FL,32653,Alachua,,,UNITED STATES OF AMERICA,,
53,700 Universe Blvd,,Juno Beach,Florida,33408,Palm Beach,,,UNITED STATES OF AMERICA,,
54,1000 Peachtree Park Dr NE,,Atlanta,Georgia,30309,Fulton,,,UNITED STATES OF AMERICA,,
55,2500 N State St,,Jackson,Mississippi,39216,Hinds,,,UNITED STATES OF AMERICA,,
56,1510 6th Ave,,Columbus,ga,31901,Muscogee,,,UNITED STATES OF AMERICA,,
57,1329 SW 16th St,,Gainesville,FL,32608-1234,Alachua,,,UNITED STATES OF AMERICA,,
58,1493 Cambridge St,,Boston,MA,2134,Suffolk,,,UNITED STATES OF AMERICA,,
59,1493 Cambridge St,,Boston,MA,2134,Suffolk,,,UNITED STATES OF AMERICA,,
60,5120 SW 13th Pl,,Gainesville,FL,32608,Alachua,,,UNITED STATES OF AMERICA,,
61,100 Nowhere Rd,,Gainesville,FL,0,Alachua,,,UNITED STATES OF AMERICA,,
62,200 Testing Way,,Tampa,FL,99999,Hillsborough,,,UNITED STATES OF AMERICA,,
63,483 Bay St,,Toronto,ON,M5V 3L9,,,,CANADA,,
64,,,,FL,33414,Palm Beach,,,UNITED STATES OF AMERICA,,
65,Not Stated,,UNKNOWN,FL,32601,Alachua,,,UNITED STATES OF AMERICA,,
66,1500 NW 13th St,,N/A,FL,32601,Alachua,,,UNITED STATES OF AMERICA,,
